layer,feature_count_clipped,geometry_type,source
rijnland_Watergang_as,39443,5,rijnland_arcgis
rijnland_Watergang_vlak,31357,6,rijnland_arcgis
rijnland_Duiker,9292,5,rijnland_arcgis
rijnland_Gemaal,71,4,rijnland_arcgis
rijnland_Inlaat,490,5,rijnland_arcgis
rijnland_Stuw,638,4,rijnland_arcgis
rijnland_Afvalwaterzuivering,4,4,rijnland_arcgis
rijnland_Iba,176,4,rijnland_arcgis
rijnland_Lozingspunt,27,4,rijnland_arcgis
rijnland_Overstortconstructie,248,4,rijnland_arcgis
rijnland_Rioleringsgebied_AWZI_gebied_gerealiseerd,340,0,rijnland_arcgis
rijnland_Rioleringsgebied_stroomrichting,348,5,rijnland_arcgis
rijnland_Rioolgemaal_influent,17,4,rijnland_arcgis
rijnland_Rioolstelsel,27119,0,rijnland_arcgis
rijnland_Transportleiding,37,0,rijnland_arcgis
rijnland_Meetlocatie_waterkwaltiteit,5957,4,rijnland_arcgis
rijnland_Meetlocatie_waterkwantiteit,1324,0,rijnland_arcgis
rijnland_TransportleidingMeetpunt,2790,4,rijnland_arcgis
rijnland_Zwemwaterlocatie,4,4,rijnland_arcgis
rijnland_Afwateringseenheid,611,0,rijnland_arcgis
rijnland_Boezemgebied,19,0,rijnland_arcgis
rijnland_Peilafwijking_vigerend_besluit,74,0,rijnland_arcgis
rijnland_Peilgebied_vigerend_besluit,202,0,rijnland_arcgis
rijnland_Polder,66,0,rijnland_arcgis
rijnland_Primaire_kering,0,5,rijnland_arcgis
rijnland_Regionale_kering,698,0,rijnland_arcgis
rijnland_Baggeren_project,6376,0,rijnland_arcgis
pdok_rsa_agglomeraties,3,4,pdok_rsa_wfs
pdok_rsa_kwetsbaargebied,1,6,pdok_rsa_wfs
pdok_rsa_lozingspunten,4,4,pdok_rsa_wfs
pdok_rsa_rwzi,4,4,pdok_rsa_wfs
pilot2019_01_AlphenAandDenRijn_Pomp,1861,4,pilot_2019_sewer_data
pilot2019_02_AlphenAandDenRijn_Put,41762,4,pilot_2019_sewer_data
pilot2019_03_AlphenAanDenRijn_bouwwerk,160,4,pilot_2019_sewer_data
pilot2019_04_AlphenAandDenRijn_Leiding,26707,5,pilot_2019_sewer_data
pilot2019_05_Bodegraven_reeuijwijk_Pomp,1464,4,pilot_2019_sewer_data
pilot2019_06_Bodegraven_reeuijwijk_Put,8645,4,pilot_2019_sewer_data
pilot2019_07_Bodegraven_Reeuwijk_bouwwerk,135,4,pilot_2019_sewer_data
pilot2019_08_Bodegraven_reeuijwijk_Leiding,8828,5,pilot_2019_sewer_data
pilot2019_11_knopen_punt,1079,4,pilot_2019_sewer_data
pilot2019_13_strengen_lijn,780,5,pilot_2019_sewer_data
pilot2019_16_Alphen_Knopen_lijn,5,5,pilot_2019_sewer_data
pilot2019_17_Alphen_Strengen_vlak,0,6,pilot_2019_sewer_data
pilot2019_18_Alphen_Knopen_vlak,3,6,pilot_2019_sewer_data
pilot2019_19_Alphen_Knopen_punt,83398,4,pilot_2019_sewer_data
pilot2019_20_Alphen_Overstorten,170,4,pilot_2019_sewer_data
pilot2019_21_Alphen_Strengen_lijn,40409,5,pilot_2019_sewer_data
pilot2019_22_Alphen_Strengen_lijn_druk,3812,5,pilot_2019_sewer_data
pilot2019_23_Bemalingsgebieden,92,6,pilot_2019_sewer_data
pilot2019_26_Bo_Re_doorlaten_11_04_2019,9,4,pilot_2019_sewer_data
pilot2019_27_Bo_Re_knopen_11_04_2019_punt,1,4,pilot_2019_sewer_data
pilot2019_28_Bo_Re_overstorten_11_04_2019,56,4,pilot_2019_sewer_data
pilot2019_29_Bo_Re_pompen_11_04_2019,25,4,pilot_2019_sewer_data
pilot2019_30_bodegraven_strengen,8428,5,pilot_2019_sewer_data
pilot2019_31_Bo_Re_leidingen_11_04_2019_lijn,8553,5,pilot_2019_sewer_data
pilot2019_32_Bo_Re_leidingen_11_04_2019_vlak,2,6,pilot_2019_sewer_data
pilot2019_33_BoRe_vlak,2,6,pilot_2019_sewer_data
pilot2019_36_hw_open_verh_vlak,2267,0,pilot_2019_sewer_data
pilot2019_37_hw_gesl_verh_vlak,553,6,pilot_2019_sewer_data
pilot2019_38_hw_dak_vlak,968,6,pilot_2019_sewer_data
pilot2019_39_hw_dak_hell,1555,6,pilot_2019_sewer_data
pilot2019_41_gem_dak_hell,1555,6,pilot_2019_sewer_data
pilot2019_42_gem_dak_vlak,968,6,pilot_2019_sewer_data
pilot2019_43_gem_gesl_verh_vlak,553,6,pilot_2019_sewer_data
pilot2019_44_gem_open_verh_vlak,2267,0,pilot_2019_sewer_data
pilot2019_48_Rioolput,878,4,pilot_2019_sewer_data
pilot2019_49_Mechanische_leiding,532,5,pilot_2019_sewer_data
pilot2019_50_Vrijvervalleiding,1100,0,pilot_2019_sewer_data
pilot2019_51_bemalingsgebieden2,9,6,pilot_2019_sewer_data
