service,theme,layer_id,status,feature_count,path,source_url,error
Lozingspunt,03_wastewater,0,ok,29,D:\Nexus Hackathon\01_data\raw\rijnland_mapserver\03_wastewater\Lozingspunt.geojson,https://rijnland.enl-mcs.nl/arcgis/rest/services/Lozingspunt/MapServer/0,
Overstortconstructie,03_wastewater,0,ok,400,D:\Nexus Hackathon\01_data\raw\rijnland_mapserver\03_wastewater\Overstortconstructie.geojson,https://rijnland.enl-mcs.nl/arcgis/rest/services/Overstortconstructie/MapServer/0,
Effluentgemaal,03_wastewater,0,empty,0,D:\Nexus Hackathon\01_data\raw\rijnland_mapserver\03_wastewater\Effluentgemaal.geojson,https://rijnland.enl-mcs.nl/arcgis/rest/services/Effluentgemaal/MapServer/0,
Afvalwaterzuivering,03_wastewater,0,ok,4,D:\Nexus Hackathon\01_data\raw\rijnland_mapserver\03_wastewater\Afvalwaterzuivering.geojson,https://rijnland.enl-mcs.nl/arcgis/rest/services/Afvalwaterzuivering/MapServer/0,
Iba,03_wastewater,0,ok,179,D:\Nexus Hackathon\01_data\raw\rijnland_mapserver\03_wastewater\Iba.geojson,https://rijnland.enl-mcs.nl/arcgis/rest/services/Iba/MapServer/0,
Watergang_as,01_watercourses,0,ok,51000,D:\Nexus Hackathon\01_data\raw\rijnland_mapserver\01_watercourses\Watergang_as.geojson,https://rijnland.enl-mcs.nl/arcgis/rest/services/Watergang_as/MapServer/0,
Watergang_vlak,01_watercourses,0,ok,40614,D:\Nexus Hackathon\01_data\raw\rijnland_mapserver\01_watercourses\Watergang_vlak.geojson,https://rijnland.enl-mcs.nl/arcgis/rest/services/Watergang_vlak/MapServer/0,
Meetlocatie_waterkwantiteit,04_monitoring,0,ok,1324,D:\Nexus Hackathon\01_data\raw\rijnland_mapserver\04_monitoring\Meetlocatie_waterkwantiteit.geojson,https://rijnland.enl-mcs.nl/arcgis/rest/services/Meetlocatie_waterkwantiteit/MapServer/0,
Meetlocatie_waterkwaltiteit,04_monitoring,0,ok,7861,D:\Nexus Hackathon\01_data\raw\rijnland_mapserver\04_monitoring\Meetlocatie_waterkwaltiteit.geojson,https://rijnland.enl-mcs.nl/arcgis/rest/services/Meetlocatie_waterkwaltiteit/MapServer/0,
Gemaal,02_structures,0,ok,89,D:\Nexus Hackathon\01_data\raw\rijnland_mapserver\02_structures\Gemaal.geojson,https://rijnland.enl-mcs.nl/arcgis/rest/services/Gemaal/MapServer/0,
Stuw,02_structures,0,ok,785,D:\Nexus Hackathon\01_data\raw\rijnland_mapserver\02_structures\Stuw.geojson,https://rijnland.enl-mcs.nl/arcgis/rest/services/Stuw/MapServer/0,
Duiker,02_structures,0,ok,11745,D:\Nexus Hackathon\01_data\raw\rijnland_mapserver\02_structures\Duiker.geojson,https://rijnland.enl-mcs.nl/arcgis/rest/services/Duiker/MapServer/0,
Inlaat,02_structures,0,ok,652,D:\Nexus Hackathon\01_data\raw\rijnland_mapserver\02_structures\Inlaat.geojson,https://rijnland.enl-mcs.nl/arcgis/rest/services/Inlaat/MapServer/0,
Rioleringsgebied_stroomrichting,03_wastewater,0,ok,479,D:\Nexus Hackathon\01_data\raw\rijnland_mapserver\03_wastewater\Rioleringsgebied_stroomrichting.geojson,https://rijnland.enl-mcs.nl/arcgis/rest/services/Rioleringsgebied_stroomrichting/MapServer/0,
Rioleringsgebied_AWZI_gebied_gerealiseerd,03_wastewater,0,ok,455,D:\Nexus Hackathon\01_data\raw\rijnland_mapserver\03_wastewater\Rioleringsgebied_AWZI_gebied_gerealiseerd.geojson,https://rijnland.enl-mcs.nl/arcgis/rest/services/Rioleringsgebied_AWZI_gebied_gerealiseerd/MapServer/0,
Rioolstelsel,03_wastewater,0,ok,51000,D:\Nexus Hackathon\01_data\raw\rijnland_mapserver\03_wastewater\Rioolstelsel.geojson,https://rijnland.enl-mcs.nl/arcgis/rest/services/Rioolstelsel/MapServer/0,
Rioolgemaal_influent,03_wastewater,0,ok,23,D:\Nexus Hackathon\01_data\raw\rijnland_mapserver\03_wastewater\Rioolgemaal_influent.geojson,https://rijnland.enl-mcs.nl/arcgis/rest/services/Rioolgemaal_influent/MapServer/0,
Transportleiding,03_wastewater,0,ok,46,D:\Nexus Hackathon\01_data\raw\rijnland_mapserver\03_wastewater\Transportleiding.geojson,https://rijnland.enl-mcs.nl/arcgis/rest/services/Transportleiding/MapServer/0,
Peilgebied_vigerend_besluit,05_levels_and_areas,0,ok,252,D:\Nexus Hackathon\01_data\raw\rijnland_mapserver\05_levels_and_areas\Peilgebied_vigerend_besluit.geojson,https://rijnland.enl-mcs.nl/arcgis/rest/services/Peilgebied_vigerend_besluit/MapServer/0,
Polder,05_levels_and_areas,0,ok,91,D:\Nexus Hackathon\01_data\raw\rijnland_mapserver\05_levels_and_areas\Polder.geojson,https://rijnland.enl-mcs.nl/arcgis/rest/services/Polder/MapServer/0,
Boezemgebied,05_levels_and_areas,0,ok,26,D:\Nexus Hackathon\01_data\raw\rijnland_mapserver\05_levels_and_areas\Boezemgebied.geojson,https://rijnland.enl-mcs.nl/arcgis/rest/services/Boezemgebied/MapServer/0,
Afwateringseenheid,05_levels_and_areas,0,ok,782,D:\Nexus Hackathon\01_data\raw\rijnland_mapserver\05_levels_and_areas\Afwateringseenheid.geojson,https://rijnland.enl-mcs.nl/arcgis/rest/services/Afwateringseenheid/MapServer/0,
KRW,04_monitoring,0,empty,0,D:\Nexus Hackathon\01_data\raw\rijnland_mapserver\04_monitoring\KRW.geojson,https://rijnland.enl-mcs.nl/arcgis/rest/services/KRW/MapServer/0,
Baggeren_project,07_projects_and_other,0,ok,7807,D:\Nexus Hackathon\01_data\raw\rijnland_mapserver\07_projects_and_other\Baggeren_project.geojson,https://rijnland.enl-mcs.nl/arcgis/rest/services/Baggeren_project/MapServer/0,
Zwemwaterlocatie,04_monitoring,0,ok,6,D:\Nexus Hackathon\01_data\raw\rijnland_mapserver\04_monitoring\Zwemwaterlocatie.geojson,https://rijnland.enl-mcs.nl/arcgis/rest/services/Zwemwaterlocatie/MapServer/0,
TransportleidingMeetpunt,04_monitoring,0,ok,3809,D:\Nexus Hackathon\01_data\raw\rijnland_mapserver\04_monitoring\TransportleidingMeetpunt.geojson,https://rijnland.enl-mcs.nl/arcgis/rest/services/TransportleidingMeetpunt/MapServer/0,
Peilafwijking_vigerend_besluit,05_levels_and_areas,0,ok,118,D:\Nexus Hackathon\01_data\raw\rijnland_mapserver\05_levels_and_areas\Peilafwijking_vigerend_besluit.geojson,https://rijnland.enl-mcs.nl/arcgis/rest/services/Peilafwijking_vigerend_besluit/MapServer/0,
Regionale_kering,06_flood_defences,0,ok,971,D:\Nexus Hackathon\01_data\raw\rijnland_mapserver\06_flood_defences\Regionale_kering.geojson,https://rijnland.enl-mcs.nl/arcgis/rest/services/Regionale_kering/MapServer/0,
Primaire_kering,06_flood_defences,0,ok,1,D:\Nexus Hackathon\01_data\raw\rijnland_mapserver\06_flood_defences\Primaire_kering.geojson,https://rijnland.enl-mcs.nl/arcgis/rest/services/Primaire_kering/MapServer/0,
